label	id falls within:	Image of: 	@id on image element in Transcription file	"id"	text: 
#1	thumbnail	sm Journal cover		https://explore.library.leeds.ac.uk/ixif/media/aHR0cHM6Ly9kaWdpdGFsLmxpYnJhcnkubGVlZHMuYWMudWsvODI2Mi8xLmhhc2hvbWVwYWdlVGh1bWJuYWlsVmVyc2lvbi9CQ19NU18xOWNfR2Fza2VsbC0zXzAwMS50aWY%3D.jpg	
	resource	Journal cover		https://explore.library.leeds.ac.uk/ixif/media/aHR0cHM6Ly9kaWdpdGFsLmxpYnJhcnkubGVlZHMuYWMudWsvODI2Mi8xLmhhc2xpZ2h0Ym94VGh1bWJuYWlsVmVyc2lvbi9CQ19NU18xOWNfR2Fza2VsbC0zXzAwMS50aWY%3D.jpg	
#2	thumbnail	sm image inside cover		https://explore.library.leeds.ac.uk/ixif/media/aHR0cHM6Ly9kaWdpdGFsLmxpYnJhcnkubGVlZHMuYWMudWsvODI2Mi8yLmhhc2hvbWVwYWdlVGh1bWJuYWlsVmVyc2lvbi9CQ19NU18xOWNfR2Fza2VsbC0zXzAwMi50aWY%3D.jpg	
	resource	inside cover		https://explore.library.leeds.ac.uk/ixif/media/aHR0cHM6Ly9kaWdpdGFsLmxpYnJhcnkubGVlZHMuYWMudWsvODI2Mi8yLmhhc2xpZ2h0Ym94VGh1bWJuYWlsVmVyc2lvbi9CQ19NU18xOWNfR2Fza2VsbC0zXzAwMi50aWY%3D.jpg	
#3	thumbnail	sm facing page inside cover		https://explore.library.leeds.ac.uk/ixif/media/aHR0cHM6Ly9kaWdpdGFsLmxpYnJhcnkubGVlZHMuYWMudWsvODI2Mi8zLmhhc2hvbWVwYWdlVGh1bWJuYWlsVmVyc2lvbi9CQ19NU18xOWNfR2Fza2VsbC0zXzAwMy50aWY%3D.jpg	
	resource	facing page inside cover		https://explore.library.leeds.ac.uk/ixif/media/aHR0cHM6Ly9kaWdpdGFsLmxpYnJhcnkubGVlZHMuYWMudWsvODI2Mi8zLmhhc2xpZ2h0Ym94VGh1bWJuYWlsVmVyc2lvbi9CQ19NU18xOWNfR2Fza2VsbC0zXzAwMy50aWY%3D.jpg	
#4	thumbnail	sm facing page Dedication		https://explore.library.leeds.ac.uk/ixif/media/aHR0cHM6Ly9kaWdpdGFsLmxpYnJhcnkubGVlZHMuYWMudWsvODI2Mi80Lmhhc2hvbWVwYWdlVGh1bWJuYWlsVmVyc2lvbi9CQ19NU18xOWNfR2Fza2VsbC0zXzAwNC50aWY%3D.jpg	
	resource	facing page to Dedication		https://explore.library.leeds.ac.uk/ixif/media/aHR0cHM6Ly9kaWdpdGFsLmxpYnJhcnkubGVlZHMuYWMudWsvODI2Mi80Lmhhc2xpZ2h0Ym94VGh1bWJuYWlsVmVyc2lvbi9CQ19NU18xOWNfR2Fza2VsbC0zXzAwNC50aWY%3D.jpg	
#5	thumbnail	sm dedication		https://explore.library.leeds.ac.uk/ixif/media/aHR0cHM6Ly9kaWdpdGFsLmxpYnJhcnkubGVlZHMuYWMudWsvODI2Mi81Lmhhc2hvbWVwYWdlVGh1bWJuYWlsVmVyc2lvbi9CQ19NU18xOWNfR2Fza2VsbC0zXzAwNS50aWY%3D.jpg	
	resource	Dedication page	page-1	https://explore.library.leeds.ac.uk/ixif/media/aHR0cHM6Ly9kaWdpdGFsLmxpYnJhcnkubGVlZHMuYWMudWsvODI2Mi81Lmhhc2xpZ2h0Ym94VGh1bWJuYWlsVmVyc2lvbi9CQ19NU18xOWNfR2Fza2VsbC0zXzAwNS50aWY%3D.jpg	To my dear little
#6	thumbnail	sm facing page to page 1		https://explore.library.leeds.ac.uk/ixif/media/aHR0cHM6Ly9kaWdpdGFsLmxpYnJhcnkubGVlZHMuYWMudWsvODI2Mi82Lmhhc2hvbWVwYWdlVGh1bWJuYWlsVmVyc2lvbi9CQ19NU18xOWNfR2Fza2VsbC0zXzAwNi50aWY%3D.jpg	
	resource	facing page to page 1		https://explore.library.leeds.ac.uk/ixif/media/aHR0cHM6Ly9kaWdpdGFsLmxpYnJhcnkubGVlZHMuYWMudWsvODI2Mi82Lmhhc2xpZ2h0Ym94VGh1bWJuYWlsVmVyc2lvbi9CQ19NU18xOWNfR2Fza2VsbC0zXzAwNi50aWY%3D.jpg	
#7	thumbnail	sm, Entry 1.1		https://explore.library.leeds.ac.uk/ixif/media/aHR0cHM6Ly9kaWdpdGFsLmxpYnJhcnkubGVlZHMuYWMudWsvODI2Mi83Lmhhc2hvbWVwYWdlVGh1bWJuYWlsVmVyc2lvbi9CQ19NU18xOWNfR2Fza2VsbC0zXzAwNy50aWY%3D.jpg	
	resource	Entry1.1	page-2	https://explore.library.leeds.ac.uk/ixif/media/aHR0cHM6Ly9kaWdpdGFsLmxpYnJhcnkubGVlZHMuYWMudWsvODI2Mi83Lmhhc2xpZ2h0Ym94VGh1bWJuYWlsVmVyc2lvbi9CQ19NU18xOWNfR2Fza2VsbC0zXzAwNy50aWY%3D.jpg	March 10th 
#8	thumbnail	sm, Entry 1.2		https://explore.library.leeds.ac.uk/ixif/media/aHR0cHM6Ly9kaWdpdGFsLmxpYnJhcnkubGVlZHMuYWMudWsvODI2Mi84Lmhhc2hvbWVwYWdlVGh1bWJuYWlsVmVyc2lvbi9CQ19NU18xOWNfR2Fza2VsbC0zXzAwOC50aWY%3D.jpg	
	resource	Entry 1.2	page-3	https://explore.library.leeds.ac.uk/ixif/media/aHR0cHM6Ly9kaWdpdGFsLmxpYnJhcnkubGVlZHMuYWMudWsvODI2Mi84Lmhhc2xpZ2h0Ym94VGh1bWJuYWlsVmVyc2lvbi9CQ19NU18xOWNfR2Fza2VsbC0zXzAwOC50aWY%3D.jpg	beautiful. And yet it 
#9	thumbnail	sm Entry 1.3		https://explore.library.leeds.ac.uk/ixif/media/aHR0cHM6Ly9kaWdpdGFsLmxpYnJhcnkubGVlZHMuYWMudWsvODI2Mi85Lmhhc2hvbWVwYWdlVGh1bWJuYWlsVmVyc2lvbi9CQ19NU18xOWNfR2Fza2VsbC0zXzAwOS50aWY%3D.jpg	
	resource	Entry 1.3	page-4	https://explore.library.leeds.ac.uk/ixif/media/aHR0cHM6Ly9kaWdpdGFsLmxpYnJhcnkubGVlZHMuYWMudWsvODI2Mi85Lmhhc2xpZ2h0Ym94VGh1bWJuYWlsVmVyc2lvbi9CQ19NU18xOWNfR2Fza2VsbC0zXzAwOS50aWY%3D.jp	did two months ago
#10	thumbnail	sm entry 1.4		https://explore.library.leeds.ac.uk/ixif/media/aHR0cHM6Ly9kaWdpdGFsLmxpYnJhcnkubGVlZHMuYWMudWsvODI2Mi8xMC5oYXNob21lcGFnZVRodW1ibmFpbFZlcnNpb24vQkNfTVNfMTljX0dhc2tlbGwtM18wMTAudGlm.jpg	
	resource	Entry 1.4	page-5	https://explore.library.leeds.ac.uk/ixif/media/aHR0cHM6Ly9kaWdpdGFsLmxpYnJhcnkubGVlZHMuYWMudWsvODI2Mi8xMC5oYXNsaWdodGJveFRodW1ibmFpbFZlcnNpb24vQkNfTVNfMTljX0dhc2tlbGwtM18wMTAudGlm.jpg	and when I see
#11	thumbnail	sm Entry 1.5		https://explore.library.leeds.ac.uk/ixif/media/aHR0cHM6Ly9kaWdpdGFsLmxpYnJhcnkubGVlZHMuYWMudWsvODI2Mi8xMS5oYXNob21lcGFnZVRodW1ibmFpbFZlcnNpb24vQkNfTVNfMTljX0dhc2tlbGwtM18wMTEudGlm.jpg	
	resource	Entry 1.5	page-6	https://explore.library.leeds.ac.uk/ixif/media/aHR0cHM6Ly9kaWdpdGFsLmxpYnJhcnkubGVlZHMuYWMudWsvODI2Mi8xMS5oYXNsaWdodGJveFRodW1ibmFpbFZlcnNpb24vQkNfTVNfMTljX0dhc2tlbGwtM18wMTEudGlm.jpg	In general I think
#12	thumbnail	sm Entry 1.6		https://explore.library.leeds.ac.uk/ixif/media/aHR0cHM6Ly9kaWdpdGFsLmxpYnJhcnkubGVlZHMuYWMudWsvODI2Mi8xMi5oYXNob21lcGFnZVRodW1ibmFpbFZlcnNpb24vQkNfTVNfMTljX0dhc2tlbGwtM18wMTIudGlm.jpg	
	resource	Entry 1.6	page-7	https://explore.library.leeds.ac.uk/ixif/media/aHR0cHM6Ly9kaWdpdGFsLmxpYnJhcnkubGVlZHMuYWMudWsvODI2Mi8xMi5oYXNsaWdodGJveFRodW1ibmFpbFZlcnNpb24vQkNfTVNfMTljX0dhc2tlbGwtM18wMTIudGlm.jpg	ance from hands
#13	thumbnail	sm Entry 1.7		https://explore.library.leeds.ac.uk/ixif/media/aHR0cHM6Ly9kaWdpdGFsLmxpYnJhcnkubGVlZHMuYWMudWsvODI2Mi8xMy5oYXNob21lcGFnZVRodW1ibmFpbFZlcnNpb24vQkNfTVNfMTljX0dhc2tlbGwtM18wMTMudGlm.jpg	
	resource	Entry 1.7	page-8	https://explore.library.leeds.ac.uk/ixif/media/aHR0cHM6Ly9kaWdpdGFsLmxpYnJhcnkubGVlZHMuYWMudWsvODI2Mi8xMy5oYXNsaWdodGJveFRodW1ibmFpbFZlcnNpb24vQkNfTVNfMTljX0dhc2tlbGwtM18wMTMudGlm.jpg	while being undressed
#14	thumbnail	sm Entry 1.8		https://explore.library.leeds.ac.uk/ixif/media/aHR0cHM6Ly9kaWdpdGFsLmxpYnJhcnkubGVlZHMuYWMudWsvODI2Mi8xNC5oYXNob21lcGFnZVRodW1ibmFpbFZlcnNpb24vQkNfTVNfMTljX0dhc2tlbGwtM18wMTQudGlm.jpg	
	resource	Entry 1.8	page-9	https://explore.library.leeds.ac.uk/ixif/media/aHR0cHM6Ly9kaWdpdGFsLmxpYnJhcnkubGVlZHMuYWMudWsvODI2Mi8xNC5oYXNsaWdodGJveFRodW1ibmFpbFZlcnNpb24vQkNfTVNfMTljX0dhc2tlbGwtM18wMTQudGlm.jpg	says "les larmes
#15	thumbnail	sm Entry 1.9		https://explore.library.leeds.ac.uk/ixif/media/aHR0cHM6Ly9kaWdpdGFsLmxpYnJhcnkubGVlZHMuYWMudWsvODI2Mi8xNS5oYXNob21lcGFnZVRodW1ibmFpbFZlcnNpb24vQkNfTVNfMTljX0dhc2tlbGwtM18wMTUudGlm.jpg	
	resource	Entry 1.9	page-10	https://explore.library.leeds.ac.uk/ixif/media/aHR0cHM6Ly9kaWdpdGFsLmxpYnJhcnkubGVlZHMuYWMudWsvODI2Mi8xNS5oYXNsaWdodGJveFRodW1ibmFpbFZlcnNpb24vQkNfTVNfMTljX0dhc2tlbGwtM18wMTUudGlm.jpg	if it is improper
#16	thumbnail	sm Entry 1.10		https://explore.library.leeds.ac.uk/ixif/media/aHR0cHM6Ly9kaWdpdGFsLmxpYnJhcnkubGVlZHMuYWMudWsvODI2Mi8xNi5oYXNob21lcGFnZVRodW1ibmFpbFZlcnNpb24vQkNfTVNfMTljX0dhc2tlbGwtM18wMTYudGlm.jpg	
	resource	Entry 1.10	page-11	https://explore.library.leeds.ac.uk/ixif/media/aHR0cHM6Ly9kaWdpdGFsLmxpYnJhcnkubGVlZHMuYWMudWsvODI2Mi8xNi5oYXNsaWdodGJveFRodW1ibmFpbFZlcnNpb24vQkNfTVNfMTljX0dhc2tlbGwtM18wMTYudGlm.jpg	but though I keep
#17	thumbnail	sm Entry 1.11		https://explore.library.leeds.ac.uk/ixif/media/aHR0cHM6Ly9kaWdpdGFsLmxpYnJhcnkubGVlZHMuYWMudWsvODI2Mi8xNy5oYXNob21lcGFnZVRodW1ibmFpbFZlcnNpb24vQkNfTVNfMTljX0dhc2tlbGwtM18wMTcudGlm.jpg	
	resource	Entry1.11 / 2.1	page-12	https://explore.library.leeds.ac.uk/ixif/media/aHR0cHM6Ly9kaWdpdGFsLmxpYnJhcnkubGVlZHMuYWMudWsvODI2Mi8xNy5oYXNsaWdodGJveFRodW1ibmFpbFZlcnNpb24vQkNfTVNfMTljX0dhc2tlbGwtM18wMTcudGlm.jpg	feelings was so intimately
#18	thumbnail	sm 2.2		https://explore.library.leeds.ac.uk/ixif/media/aHR0cHM6Ly9kaWdpdGFsLmxpYnJhcnkubGVlZHMuYWMudWsvODI2Mi8xOC5oYXNob21lcGFnZVRodW1ibmFpbFZlcnNpb24vQkNfTVNfMTljX0dhc2tlbGwtM18wMTgudGlm.jpg	
	resource	Entry 2.2	page-13	https://explore.library.leeds.ac.uk/ixif/media/aHR0cHM6Ly9kaWdpdGFsLmxpYnJhcnkubGVlZHMuYWMudWsvODI2Mi8xOC5oYXNsaWdodGJveFRodW1ibmFpbFZlcnNpb24vQkNfTVNfMTljX0dhc2tlbGwtM18wMTgudGlm.jpg	than her nature prompts
#19	thumbnail	sm 2.3		https://explore.library.leeds.ac.uk/ixif/media/aHR0cHM6Ly9kaWdpdGFsLmxpYnJhcnkubGVlZHMuYWMudWsvODI2Mi8xOS5oYXNob21lcGFnZVRodW1ibmFpbFZlcnNpb24vQkNfTVNfMTljX0dhc2tlbGwtM18wMTkudGlm.jpg	
	resource	Entry 2.3	page-14	https://explore.library.leeds.ac.uk/ixif/media/aHR0cHM6Ly9kaWdpdGFsLmxpYnJhcnkubGVlZHMuYWMudWsvODI2Mi8xOS5oYXNsaWdodGJveFRodW1ibmFpbFZlcnNpb24vQkNfTVNfMTljX0dhc2tlbGwtM18wMTkudGlm.jpg	how all a woman's life
#20	thumbnail	sm Entry 2.4		https://explore.library.leeds.ac.uk/ixif/media/aHR0cHM6Ly9kaWdpdGFsLmxpYnJhcnkubGVlZHMuYWMudWsvODI2Mi8yMC5oYXNob21lcGFnZVRodW1ibmFpbFZlcnNpb24vQkNfTVNfMTljX0dhc2tlbGwtM18wMjAudGlm.jpg	
	resource	Entry 2.4	page-15	https://explore.library.leeds.ac.uk/ixif/media/aHR0cHM6Ly9kaWdpdGFsLmxpYnJhcnkubGVlZHMuYWMudWsvODI2Mi8yMC5oYXNsaWdodGJveFRodW1ibmFpbFZlcnNpb24vQkNfTVNfMTljX0dhc2tlbGwtM18wMjAudGlm.jpg	afraid of pleasure 
#21	thumbnail	sm Entry 2.5		https://explore.library.leeds.ac.uk/ixif/media/aHR0cHM6Ly9kaWdpdGFsLmxpYnJhcnkubGVlZHMuYWMudWsvODI2Mi8yMS5oYXNob21lcGFnZVRodW1ibmFpbFZlcnNpb24vQkNfTVNfMTljX0dhc2tlbGwtM18wMjEudGlm.jpg	
	resource	Entry 2.5	page-16	https://explore.library.leeds.ac.uk/ixif/media/aHR0cHM6Ly9kaWdpdGFsLmxpYnJhcnkubGVlZHMuYWMudWsvODI2Mi8yMS5oYXNsaWdodGJveFRodW1ibmFpbFZlcnNpb24vQkNfTVNfMTljX0dhc2tlbGwtM18wMjEudGlm.jpg	I am sometimes afraid
#22	thumbnail	sm 2.6		https://explore.library.leeds.ac.uk/ixif/media/aHR0cHM6Ly9kaWdpdGFsLmxpYnJhcnkubGVlZHMuYWMudWsvODI2Mi8yMi5oYXNob21lcGFnZVRodW1ibmFpbFZlcnNpb24vQkNfTVNfMTljX0dhc2tlbGwtM18wMjIudGlm.jp	
	resource	Entry 2.6	page-17	https://explore.library.leeds.ac.uk/ixif/media/aHR0cHM6Ly9kaWdpdGFsLmxpYnJhcnkubGVlZHMuYWMudWsvODI2Mi8yMi5oYXNsaWdodGJveFRodW1ibmFpbFZlcnNpb24vQkNfTVNfMTljX0dhc2tlbGwtM18wMjIudGlm.jpg	no difference in the
#23	thumbnail	sm 2.7		https://explore.library.leeds.ac.uk/ixif/media/aHR0cHM6Ly9kaWdpdGFsLmxpYnJhcnkubGVlZHMuYWMudWsvODI2Mi8yMy5oYXNob21lcGFnZVRodW1ibmFpbFZlcnNpb24vQkNfTVNfMTljX0dhc2tlbGwtM18wMjMudGlm.jpg	
	resource	Entry 2.7	page-18	https://explore.library.leeds.ac.uk/ixif/media/aHR0cHM6Ly9kaWdpdGFsLmxpYnJhcnkubGVlZHMuYWMudWsvODI2Mi8yMy5oYXNsaWdodGJveFRodW1ibmFpbFZlcnNpb24vQkNfTVNfMTljX0dhc2tlbGwtM18wMjMudGlm.jpg	by way of distracting
#24	thumbnail	sm 3.1		https://explore.library.leeds.ac.uk/ixif/media/aHR0cHM6Ly9kaWdpdGFsLmxpYnJhcnkubGVlZHMuYWMudWsvODI2Mi8yNC5oYXNob21lcGFnZVRodW1ibmFpbFZlcnNpb24vQkNfTVNfMTljX0dhc2tlbGwtM18wMjQudGlm.jpg	
	resource	Entry 3.1	page-19	https://explore.library.leeds.ac.uk/ixif/media/aHR0cHM6Ly9kaWdpdGFsLmxpYnJhcnkubGVlZHMuYWMudWsvODI2Mi8yNC5oYXNsaWdodGJveFRodW1ibmFpbFZlcnNpb24vQkNfTVNfMTljX0dhc2tlbGwtM18wMjQudGlm.jpg	Sunday Evening August October
#25	thumbnail	sm 3.2		https://explore.library.leeds.ac.uk/ixif/media/aHR0cHM6Ly9kaWdpdGFsLmxpYnJhcnkubGVlZHMuYWMudWsvODI2Mi8yNS5oYXNob21lcGFnZVRodW1ibmFpbFZlcnNpb24vQkNfTVNfMTljX0dhc2tlbGwtM18wMjUudGlm.jpg	
	resource	Entry 3.2	page-20	https://explore.library.leeds.ac.uk/ixif/media/aHR0cHM6Ly9kaWdpdGFsLmxpYnJhcnkubGVlZHMuYWMudWsvODI2Mi8yNS5oYXNsaWdodGJveFRodW1ibmFpbFZlcnNpb24vQkNfTVNfMTljX0dhc2tlbGwtM18wMjUudGlm.jpg	nature prompts this
#26	thumbnail	sm 3.3		https://explore.library.leeds.ac.uk/ixif/media/aHR0cHM6Ly9kaWdpdGFsLmxpYnJhcnkubGVlZHMuYWMudWsvODI2Mi8yNi5oYXNob21lcGFnZVRodW1ibmFpbFZlcnNpb24vQkNfTVNfMTljX0dhc2tlbGwtM18wMjYudGlm.jpg	
	resource	Entry 3.3	page-21	https://explore.library.leeds.ac.uk/ixif/media/aHR0cHM6Ly9kaWdpdGFsLmxpYnJhcnkubGVlZHMuYWMudWsvODI2Mi8yNi5oYXNsaWdodGJveFRodW1ibmFpbFZlcnNpb24vQkNfTVNfMTljX0dhc2tlbGwtM18wMjYudGlm.jpg	I think her disposition
#27	thumbnail	sm 3.4		https://explore.library.leeds.ac.uk/ixif/media/aHR0cHM6Ly9kaWdpdGFsLmxpYnJhcnkubGVlZHMuYWMudWsvODI2Mi8yNy5oYXNob21lcGFnZVRodW1ibmFpbFZlcnNpb24vQkNfTVNfMTljX0dhc2tlbGwtM18wMjcudGlm.jpg	
	resource	Entry 3.4	page-22	https://explore.library.leeds.ac.uk/ixif/media/aHR0cHM6Ly9kaWdpdGFsLmxpYnJhcnkubGVlZHMuYWMudWsvODI2Mi8yNy5oYXNsaWdodGJveFRodW1ibmFpbFZlcnNpb24vQkNfTVNfMTljX0dhc2tlbGwtM18wMjcudGlm.jpg	can be averted
#28	thumbnail	sm 3.5		https://explore.library.leeds.ac.uk/ixif/media/aHR0cHM6Ly9kaWdpdGFsLmxpYnJhcnkubGVlZHMuYWMudWsvODI2Mi8yOC5oYXNob21lcGFnZVRodW1ibmFpbFZlcnNpb24vQkNfTVNfMTljX0dhc2tlbGwtM18wMjgudGlm.jpg	
	resource	Entry 3.5	page-23	https://explore.library.leeds.ac.uk/ixif/media/aHR0cHM6Ly9kaWdpdGFsLmxpYnJhcnkubGVlZHMuYWMudWsvODI2Mi8yOC5oYXNsaWdodGJveFRodW1ibmFpbFZlcnNpb24vQkNfTVNfMTljX0dhc2tlbGwtM18wMjgudGlm.jpg	I was in a great measure
#29	thumbnail	sm 3.6		https://explore.library.leeds.ac.uk/ixif/media/aHR0cHM6Ly9kaWdpdGFsLmxpYnJhcnkubGVlZHMuYWMudWsvODI2Mi8yOS5oYXNob21lcGFnZVRodW1ibmFpbFZlcnNpb24vQkNfTVNfMTljX0dhc2tlbGwtM18wMjkudGlm.jpg	
	resource	Entry 3.6	page-24	https://explore.library.leeds.ac.uk/ixif/media/aHR0cHM6Ly9kaWdpdGFsLmxpYnJhcnkubGVlZHMuYWMudWsvODI2Mi8yOS5oYXNsaWdodGJveFRodW1ibmFpbFZlcnNpb24vQkNfTVNfMTljX0dhc2tlbGwtM18wMjkudGlm.jpg	I should describe Marianne
#30	thumbnail	sm 3.7		https://explore.library.leeds.ac.uk/ixif/media/aHR0cHM6Ly9kaWdpdGFsLmxpYnJhcnkubGVlZHMuYWMudWsvODI2Mi8zMC5oYXNob21lcGFnZVRodW1ibmFpbFZlcnNpb24vQkNfTVNfMTljX0dhc2tlbGwtM18wMzAudGlm.jpg	
	resource	Entry 3.7	page-25	https://explore.library.leeds.ac.uk/ixif/media/aHR0cHM6Ly9kaWdpdGFsLmxpYnJhcnkubGVlZHMuYWMudWsvODI2Mi8zMC5oYXNsaWdodGJveFRodW1ibmFpbFZlcnNpb24vQkNfTVNfMTljX0dhc2tlbGwtM18wMzAudGlm.jpg	Perhaps as her body
#31	thumbnail	sm 3.8		https://explore.library.leeds.ac.uk/ixif/media/aHR0cHM6Ly9kaWdpdGFsLmxpYnJhcnkubGVlZHMuYWMudWsvODI2Mi8zMS5oYXNob21lcGFnZVRodW1ibmFpbFZlcnNpb24vQkNfTVNfMTljX0dhc2tlbGwtM18wMzEudGlm.jpg	
	resource	Entry 3.8	page-26	https://explore.library.leeds.ac.uk/ixif/media/aHR0cHM6Ly9kaWdpdGFsLmxpYnJhcnkubGVlZHMuYWMudWsvODI2Mi8zMS5oYXNsaWdodGJveFRodW1ibmFpbFZlcnNpb24vQkNfTVNfMTljX0dhc2tlbGwtM18wMzEudGlm.jpg	he knows me; in general
#32	thumbnail	sm 3.9		https://explore.library.leeds.ac.uk/ixif/media/aHR0cHM6Ly9kaWdpdGFsLmxpYnJhcnkubGVlZHMuYWMudWsvODI2Mi8zMi5oYXNob21lcGFnZVRodW1ibmFpbFZlcnNpb24vQkNfTVNfMTljX0dhc2tlbGwtM18wMzIudGlm.jpg	
	resource	Entry 3.9	page-27	https://explore.library.leeds.ac.uk/ixif/media/aHR0cHM6Ly9kaWdpdGFsLmxpYnJhcnkubGVlZHMuYWMudWsvODI2Mi8zMi5oYXNsaWdodGJveFRodW1ibmFpbFZlcnNpb24vQkNfTVNfMTljX0dhc2tlbGwtM18wMzIudGlm.jpg	in the little creature;
#33	thumbnail	sm 3.10		https://explore.library.leeds.ac.uk/ixif/media/aHR0cHM6Ly9kaWdpdGFsLmxpYnJhcnkubGVlZHMuYWMudWsvODI2Mi8zMy5oYXNob21lcGFnZVRodW1ibmFpbFZlcnNpb24vQkNfTVNfMTljX0dhc2tlbGwtM18wMzMudGlm.jpg	
	resource	Entry 3.10 / 4.1	page-28	https://explore.library.leeds.ac.uk/ixif/media/aHR0cHM6Ly9kaWdpdGFsLmxpYnJhcnkubGVlZHMuYWMudWsvODI2Mi8zMy5oYXNsaWdodGJveFRodW1ibmFpbFZlcnNpb24vQkNfTVNfMTljX0dhc2tlbGwtM18wMzMudGlm.jpg	a due sense of my holy trust
#34	thumbnail	sm 4.2		https://explore.library.leeds.ac.uk/ixif/media/aHR0cHM6Ly9kaWdpdGFsLmxpYnJhcnkubGVlZHMuYWMudWsvODI2Mi8zNC5oYXNob21lcGFnZVRodW1ibmFpbFZlcnNpb24vQkNfTVNfMTljX0dhc2tlbGwtM18wMzQudGlm.jpg	
	resource	Entry 4.2	page-29	https://explore.library.leeds.ac.uk/ixif/media/aHR0cHM6Ly9kaWdpdGFsLmxpYnJhcnkubGVlZHMuYWMudWsvODI2Mi8zNC5oYXNsaWdodGJveFRodW1ibmFpbFZlcnNpb24vQkNfTVNfMTljX0dhc2tlbGwtM18wMzQudGlm.jpg	them. When she does become angry
#35	thumbnail	sm 4.3		https://explore.library.leeds.ac.uk/ixif/media/aHR0cHM6Ly9kaWdpdGFsLmxpYnJhcnkubGVlZHMuYWMudWsvODI2Mi8zNS5oYXNob21lcGFnZVRodW1ibmFpbFZlcnNpb24vQkNfTVNfMTljX0dhc2tlbGwtM18wMzUudGlm.jpg	
	resource	Entry 4.3	page-30	https://explore.library.leeds.ac.uk/ixif/media/aHR0cHM6Ly9kaWdpdGFsLmxpYnJhcnkubGVlZHMuYWMudWsvODI2Mi8zNS5oYXNsaWdodGJveFRodW1ibmFpbFZlcnNpb24vQkNfTVNfMTljX0dhc2tlbGwtM18wMzUudGlm.jpg	they really were
#36	thumbnail	sm 4.4		https://explore.library.leeds.ac.uk/ixif/media/aHR0cHM6Ly9kaWdpdGFsLmxpYnJhcnkubGVlZHMuYWMudWsvODI2Mi8zNi5oYXNob21lcGFnZVRodW1ibmFpbFZlcnNpb24vQkNfTVNfMTljX0dhc2tlbGwtM18wMzYudGlm.jpg	
	resource	Entry 4.4	page-31	https://explore.library.leeds.ac.uk/ixif/media/aHR0cHM6Ly9kaWdpdGFsLmxpYnJhcnkubGVlZHMuYWMudWsvODI2Mi8zNi5oYXNsaWdodGJveFRodW1ibmFpbFZlcnNpb24vQkNfTVNfMTljX0dhc2tlbGwtM18wMzYudGlm.jpg	a few weeks ago her
#37	thumbnail	sm 4.5		https://explore.library.leeds.ac.uk/ixif/media/aHR0cHM6Ly9kaWdpdGFsLmxpYnJhcnkubGVlZHMuYWMudWsvODI2Mi8zNy5oYXNob21lcGFnZVRodW1ibmFpbFZlcnNpb24vQkNfTVNfMTljX0dhc2tlbGwtM18wMzcudGlm.jpg	
	resource	Entry 4.5	page-32	https://explore.library.leeds.ac.uk/ixif/media/aHR0cHM6Ly9kaWdpdGFsLmxpYnJhcnkubGVlZHMuYWMudWsvODI2Mi8zNy5oYXNsaWdodGJveFRodW1ibmFpbFZlcnNpb24vQkNfTVNfMTljX0dhc2tlbGwtM18wMzcudGlm.jpg	the last two or three
#38	thumbnail	sm 4.6		https://explore.library.leeds.ac.uk/ixif/media/aHR0cHM6Ly9kaWdpdGFsLmxpYnJhcnkubGVlZHMuYWMudWsvODI2Mi8zOC5oYXNob21lcGFnZVRodW1ibmFpbFZlcnNpb24vQkNfTVNfMTljX0dhc2tlbGwtM18wMzgudGlm.jpg	
	resource	Entry 4.6	page-33	https://explore.library.leeds.ac.uk/ixif/media/aHR0cHM6Ly9kaWdpdGFsLmxpYnJhcnkubGVlZHMuYWMudWsvODI2Mi8zOC5oYXNsaWdodGJveFRodW1ibmFpbFZlcnNpb24vQkNfTVNfMTljX0dhc2tlbGwtM18wMzgudGlm.jpg	make any commotion in the room
#39	thumbnail	sm 4.7		https://explore.library.leeds.ac.uk/ixif/media/aHR0cHM6Ly9kaWdpdGFsLmxpYnJhcnkubGVlZHMuYWMudWsvODI2Mi8zOS5oYXNob21lcGFnZVRodW1ibmFpbFZlcnNpb24vQkNfTVNfMTljX0dhc2tlbGwtM18wMzkudGlm.jpg	
	resource	Entry 4.7 / 5.1	page-34	https://explore.library.leeds.ac.uk/ixif/media/aHR0cHM6Ly9kaWdpdGFsLmxpYnJhcnkubGVlZHMuYWMudWsvODI2Mi8zOS5oYXNsaWdodGJveFRodW1ibmFpbFZlcnNpb24vQkNfTVNfMTljX0dhc2tlbGwtM18wMzkudGlm.jpg	exhausted with writing
#40	thumbnail	sm 5.2		https://explore.library.leeds.ac.uk/ixif/media/aHR0cHM6Ly9kaWdpdGFsLmxpYnJhcnkubGVlZHMuYWMudWsvODI2Mi80MC5oYXNob21lcGFnZVRodW1ibmFpbFZlcnNpb24vQkNfTVNfMTljX0dhc2tlbGwtM18wNDAudGlm.jpg	
	resource	Entry 5.2	page-35	https://explore.library.leeds.ac.uk/ixif/media/aHR0cHM6Ly9kaWdpdGFsLmxpYnJhcnkubGVlZHMuYWMudWsvODI2Mi80MC5oYXNsaWdodGJveFRodW1ibmFpbFZlcnNpb24vQkNfTVNfMTljX0dhc2tlbGwtM18wNDAudGlm.jpg	she can manage to walk by herself
#41	thumbnail	sm 5.3		https://explore.library.leeds.ac.uk/ixif/media/aHR0cHM6Ly9kaWdpdGFsLmxpYnJhcnkubGVlZHMuYWMudWsvODI2Mi80MS5oYXNob21lcGFnZVRodW1ibmFpbFZlcnNpb24vQkNfTVNfMTljX0dhc2tlbGwtM18wNDEudGlm.jpg	
	resource	Entry 5.3	page-36	https://explore.library.leeds.ac.uk/ixif/media/aHR0cHM6Ly9kaWdpdGFsLmxpYnJhcnkubGVlZHMuYWMudWsvODI2Mi80MS5oYXNsaWdodGJveFRodW1ibmFpbFZlcnNpb24vQkNfTVNfMTljX0dhc2tlbGwtM18wNDEudGlm.jpg	like most other gifts
#42	thumbnail	sm 5.4		https://explore.library.leeds.ac.uk/ixif/media/aHR0cHM6Ly9kaWdpdGFsLmxpYnJhcnkubGVlZHMuYWMudWsvODI2Mi80Mi5oYXNob21lcGFnZVRodW1ibmFpbFZlcnNpb24vQkNfTVNfMTljX0dhc2tlbGwtM18wNDIudGlm.jpg	
	resource	Entry 5.4	page-37	https://explore.library.leeds.ac.uk/ixif/media/aHR0cHM6Ly9kaWdpdGFsLmxpYnJhcnkubGVlZHMuYWMudWsvODI2Mi80Mi5oYXNsaWdodGJveFRodW1ibmFpbFZlcnNpb24vQkNfTVNfMTljX0dhc2tlbGwtM18wNDIudGlm.jpg	and still goes on; 
#43	thumbnail	sm 5.5		https://explore.library.leeds.ac.uk/ixif/media/aHR0cHM6Ly9kaWdpdGFsLmxpYnJhcnkubGVlZHMuYWMudWsvODI2Mi80My5oYXNob21lcGFnZVRodW1ibmFpbFZlcnNpb24vQkNfTVNfMTljX0dhc2tlbGwtM18wNDMudGlm.jpg	
	resource	Entry 5.5	page-38	https://explore.library.leeds.ac.uk/ixif/media/aHR0cHM6Ly9kaWdpdGFsLmxpYnJhcnkubGVlZHMuYWMudWsvODI2Mi80My5oYXNsaWdodGJveFRodW1ibmFpbFZlcnNpb24vQkNfTVNfMTljX0dhc2tlbGwtM18wNDMudGlm.jpg	which has been a great error
#44	thumbnail	sm 5.6		https://explore.library.leeds.ac.uk/ixif/media/aHR0cHM6Ly9kaWdpdGFsLmxpYnJhcnkubGVlZHMuYWMudWsvODI2Mi80NC5oYXNob21lcGFnZVRodW1ibmFpbFZlcnNpb24vQkNfTVNfMTljX0dhc2tlbGwtM18wNDQudGlm.jpg	
	resource	Entry 5.6 / 6.1	page 39	https://explore.library.leeds.ac.uk/ixif/media/aHR0cHM6Ly9kaWdpdGFsLmxpYnJhcnkubGVlZHMuYWMudWsvODI2Mi80NC5oYXNsaWdodGJveFRodW1ibmFpbFZlcnNpb24vQkNfTVNfMTljX0dhc2tlbGwtM18wNDQudGlm.jpg	injure the precious soul
#45	thumbnail	sm 6.2		https://explore.library.leeds.ac.uk/ixif/media/aHR0cHM6Ly9kaWdpdGFsLmxpYnJhcnkubGVlZHMuYWMudWsvODI2Mi80NS5oYXNob21lcGFnZVRodW1ibmFpbFZlcnNpb24vQkNfTVNfMTljX0dhc2tlbGwtM18wNDUudGlm.jpg	
	resource	Entry 6.2	page-40	https://explore.library.leeds.ac.uk/ixif/media/aHR0cHM6Ly9kaWdpdGFsLmxpYnJhcnkubGVlZHMuYWMudWsvODI2Mi80NS5oYXNsaWdodGJveFRodW1ibmFpbFZlcnNpb24vQkNfTVNfMTljX0dhc2tlbGwtM18wNDUudGlm.jpg	her health has had 
#46	thumbnail	sm 6.3		https://explore.library.leeds.ac.uk/ixif/media/aHR0cHM6Ly9kaWdpdGFsLmxpYnJhcnkubGVlZHMuYWMudWsvODI2Mi80Ni5oYXNob21lcGFnZVRodW1ibmFpbFZlcnNpb24vQkNfTVNfMTljX0dhc2tlbGwtM18wNDYudGlm.jpg	
	resource	Entry 6.3	page--41	https://explore.library.leeds.ac.uk/ixif/media/aHR0cHM6Ly9kaWdpdGFsLmxpYnJhcnkubGVlZHMuYWMudWsvODI2Mi80Ni5oYXNsaWdodGJveFRodW1ibmFpbFZlcnNpb24vQkNfTVNfMTljX0dhc2tlbGwtM18wNDYudGlm.jpg	two and twenty months old
#47	thumbnail	sm 6.4		https://explore.library.leeds.ac.uk/ixif/media/aHR0cHM6Ly9kaWdpdGFsLmxpYnJhcnkubGVlZHMuYWMudWsvODI2Mi80Ny5oYXNob21lcGFnZVRodW1ibmFpbFZlcnNpb24vQkNfTVNfMTljX0dhc2tlbGwtM18wNDcudGlm.jpg	
	resource	Entry 6.4	page-42	https://explore.library.leeds.ac.uk/ixif/media/aHR0cHM6Ly9kaWdpdGFsLmxpYnJhcnkubGVlZHMuYWMudWsvODI2Mi80Ny5oYXNsaWdodGJveFRodW1ibmFpbFZlcnNpb24vQkNfTVNfMTljX0dhc2tlbGwtM18wNDcudGlm.jpg	hitherto slipped through, but from
#48	thumbnail	sm 6.5		https://explore.library.leeds.ac.uk/ixif/media/aHR0cHM6Ly9kaWdpdGFsLmxpYnJhcnkubGVlZHMuYWMudWsvODI2Mi80OC5oYXNob21lcGFnZVRodW1ibmFpbFZlcnNpb24vQkNfTVNfMTljX0dhc2tlbGwtM18wNDgudGlm.jpg	
	resource	Entry 6.5	page-43	https://explore.library.leeds.ac.uk/ixif/media/aHR0cHM6Ly9kaWdpdGFsLmxpYnJhcnkubGVlZHMuYWMudWsvODI2Mi80OC5oYXNsaWdodGJveFRodW1ibmFpbFZlcnNpb24vQkNfTVNfMTljX0dhc2tlbGwtM18wNDgudGlm.jpg	whatever objects her little mind
#49	thumbnail	sm 6.6		https://explore.library.leeds.ac.uk/ixif/media/aHR0cHM6Ly9kaWdpdGFsLmxpYnJhcnkubGVlZHMuYWMudWsvODI2Mi81MC5oYXNob21lcGFnZVRodW1ibmFpbFZlcnNpb24vQkNfTVNfMTljX0dhc2tlbGwtM18wNDkudGlm.jpg	
	resource	Entry 6.6	page-44	https://explore.library.leeds.ac.uk/ixif/media/aHR0cHM6Ly9kaWdpdGFsLmxpYnJhcnkubGVlZHMuYWMudWsvODI2Mi81MC5oYXNsaWdodGJveFRodW1ibmFpbFZlcnNpb24vQkNfTVNfMTljX0dhc2tlbGwtM18wNDkudGlm.jpg	in bed, and asleep by seven
#50	thumbnail	sm 6.7		https://explore.library.leeds.ac.uk/ixif/media/aHR0cHM6Ly9kaWdpdGFsLmxpYnJhcnkubGVlZHMuYWMudWsvODI2Mi81MS5oYXNob21lcGFnZVRodW1ibmFpbFZlcnNpb24vQkNfTVNfMTljX0dhc2tlbGwtM18wNTAudGlm.jpg	
	resource	Entry 6.7	page-45	https://explore.library.leeds.ac.uk/ixif/media/aHR0cHM6Ly9kaWdpdGFsLmxpYnJhcnkubGVlZHMuYWMudWsvODI2Mi81MS5oYXNsaWdodGJveFRodW1ibmFpbFZlcnNpb24vQkNfTVNfMTljX0dhc2tlbGwtM18wNTAudGlm.jpg	dirl, Papa & Mama so sorry."
#51	thumbnail	sm 6.8		https://explore.library.leeds.ac.uk/ixif/media/aHR0cHM6Ly9kaWdpdGFsLmxpYnJhcnkubGVlZHMuYWMudWsvODI2Mi81Mi5oYXNob21lcGFnZVRodW1ibmFpbFZlcnNpb24vQkNfTVNfMTljX0dhc2tlbGwtM18wNTEudGlm.jpg	
	resource	Entry 6.8	page-46	https://explore.library.leeds.ac.uk/ixif/media/aHR0cHM6Ly9kaWdpdGFsLmxpYnJhcnkubGVlZHMuYWMudWsvODI2Mi81Mi5oYXNsaWdodGJveFRodW1ibmFpbFZlcnNpb24vQkNfTVNfMTljX0dhc2tlbGwtM18wNTEudGlm.jpg	sad fits of crying
#52	thumbnail	sm 6.9		https://explore.library.leeds.ac.uk/ixif/media/aHR0cHM6Ly9kaWdpdGFsLmxpYnJhcnkubGVlZHMuYWMudWsvODI2Mi81My5oYXNob21lcGFnZVRodW1ibmFpbFZlcnNpb24vQkNfTVNfMTljX0dhc2tlbGwtM18wNTIudGlm.jpg	
	resource	Entry 6.9	page-47	https://explore.library.leeds.ac.uk/ixif/media/aHR0cHM6Ly9kaWdpdGFsLmxpYnJhcnkubGVlZHMuYWMudWsvODI2Mi81My5oYXNsaWdodGJveFRodW1ibmFpbFZlcnNpb24vQkNfTVNfMTljX0dhc2tlbGwtM18wNTIudGlm.jpg	she has a firm reliance on
#53	thumbnail	sm 6.10		https://explore.library.leeds.ac.uk/ixif/media/aHR0cHM6Ly9kaWdpdGFsLmxpYnJhcnkubGVlZHMuYWMudWsvODI2Mi81NS5oYXNob21lcGFnZVRodW1ibmFpbFZlcnNpb24vQkNfTVNfMTljX0dhc2tlbGwtM18wNTMudGlm.jpg	
	resource	Entry 6.10	page-48	https://explore.library.leeds.ac.uk/ixif/media/aHR0cHM6Ly9kaWdpdGFsLmxpYnJhcnkubGVlZHMuYWMudWsvODI2Mi81NS5oYXNsaWdodGJveFRodW1ibmFpbFZlcnNpb24vQkNfTVNfMTljX0dhc2tlbGwtM18wNTMudGlm.jpg	salts, and I have always told
#54	thumbnail	sm 6.11		https://explore.library.leeds.ac.uk/ixif/media/aHR0cHM6Ly9kaWdpdGFsLmxpYnJhcnkubGVlZHMuYWMudWsvODI2Mi81Ni5oYXNob21lcGFnZVRodW1ibmFpbFZlcnNpb24vQkNfTVNfMTljX0dhc2tlbGwtM18wNTQudGlm.jpg	
	resource	Entry 6/11	page-49	https://explore.library.leeds.ac.uk/ixif/media/aHR0cHM6Ly9kaWdpdGFsLmxpYnJhcnkubGVlZHMuYWMudWsvODI2Mi81Ni5oYXNsaWdodGJveFRodW1ibmFpbFZlcnNpb24vQkNfTVNfMTljX0dhc2tlbGwtM18wNTQudGlm.jpg	and cover her up with earth
#55	thumbnail	sm 6.12		https://explore.library.leeds.ac.uk/ixif/media/aHR0cHM6Ly9kaWdpdGFsLmxpYnJhcnkubGVlZHMuYWMudWsvODI2Mi81Ny5oYXNob21lcGFnZVRodW1ibmFpbFZlcnNpb24vQkNfTVNfMTljX0dhc2tlbGwtM18wNTUudGlm.jpg	
	resource	Entry 6.12	page-50	https://explore.library.leeds.ac.uk/ixif/media/aHR0cHM6Ly9kaWdpdGFsLmxpYnJhcnkubGVlZHMuYWMudWsvODI2Mi81Ny5oYXNsaWdodGJveFRodW1ibmFpbFZlcnNpb24vQkNfTVNfMTljX0dhc2tlbGwtM18wNTUudGlm.jpg	we yesterday heard of a connection
#56	thumbnail	sm 7.1		https://explore.library.leeds.ac.uk/ixif/media/aHR0cHM6Ly9kaWdpdGFsLmxpYnJhcnkubGVlZHMuYWMudWsvODI2Mi81OC5oYXNob21lcGFnZVRodW1ibmFpbFZlcnNpb24vQkNfTVNfMTljX0dhc2tlbGwtM18wNTYudGlm.jpg	
	resource	Entry 7.1	page-51	https://explore.library.leeds.ac.uk/ixif/media/aHR0cHM6Ly9kaWdpdGFsLmxpYnJhcnkubGVlZHMuYWMudWsvODI2Mi81OC5oYXNsaWdodGJveFRodW1ibmFpbFZlcnNpb24vQkNfTVNfMTljX0dhc2tlbGwtM18wNTYudGlm.jpg	Dec. 9th 1837
#57	thumbnail	sm 7.2		https://explore.library.leeds.ac.uk/ixif/media/aHR0cHM6Ly9kaWdpdGFsLmxpYnJhcnkubGVlZHMuYWMudWsvODI2Mi81OS5oYXNob21lcGFnZVRodW1ibmFpbFZlcnNpb24vQkNfTVNfMTljX0dhc2tlbGwtM18wNTcudGlm.jpg	
	resource	Entry 7.2	page-52	https://explore.library.leeds.ac.uk/ixif/media/aHR0cHM6Ly9kaWdpdGFsLmxpYnJhcnkubGVlZHMuYWMudWsvODI2Mi81OS5oYXNsaWdodGJveFRodW1ibmFpbFZlcnNpb24vQkNfTVNfMTljX0dhc2tlbGwtM18wNTcudGlm.jpg	and I went into Wales for three weeks
#58	thumbnail	sm 7.3		https://explore.library.leeds.ac.uk/ixif/media/aHR0cHM6Ly9kaWdpdGFsLmxpYnJhcnkubGVlZHMuYWMudWsvODI2Mi82MS5oYXNob21lcGFnZVRodW1ibmFpbFZlcnNpb24vQkNfTVNfMTljX0dhc2tlbGwtM18wNTgudGlm.jpg	
	resource	Entry 7.3	page-53	https://explore.library.leeds.ac.uk/ixif/media/aHR0cHM6Ly9kaWdpdGFsLmxpYnJhcnkubGVlZHMuYWMudWsvODI2Mi82MS5oYXNsaWdodGJveFRodW1ibmFpbFZlcnNpb24vQkNfTVNfMTljX0dhc2tlbGwtM18wNTgudGlm.jpg	she was unable to write; so I had
#59	thumbnail	sm 7.4		https://explore.library.leeds.ac.uk/ixif/media/aHR0cHM6Ly9kaWdpdGFsLmxpYnJhcnkubGVlZHMuYWMudWsvODI2Mi82Mi5oYXNob21lcGFnZVRodW1ibmFpbFZlcnNpb24vQkNfTVNfMTljX0dhc2tlbGwtM18wNTkudGlm.jpg	
	resource	Entry 7.4	page-54	https://explore.library.leeds.ac.uk/ixif/media/aHR0cHM6Ly9kaWdpdGFsLmxpYnJhcnkubGVlZHMuYWMudWsvODI2Mi82Mi5oYXNsaWdodGJveFRodW1ibmFpbFZlcnNpb24vQkNfTVNfMTljX0dhc2tlbGwtM18wNTkudGlm.jpg	attack, she had been with Marianne
#60	thumbnail	sm 7.5		https://explore.library.leeds.ac.uk/ixif/media/aHR0cHM6Ly9kaWdpdGFsLmxpYnJhcnkubGVlZHMuYWMudWsvODI2Mi82My5oYXNob21lcGFnZVRodW1ibmFpbFZlcnNpb24vQkNfTVNfMTljX0dhc2tlbGwtM18wNjAudGlm.jpg	
	resource	Entry 7.5	page-55	https://explore.library.leeds.ac.uk/ixif/media/aHR0cHM6Ly9kaWdpdGFsLmxpYnJhcnkubGVlZHMuYWMudWsvODI2Mi82My5oYXNsaWdodGJveFRodW1ibmFpbFZlcnNpb24vQkNfTVNfMTljX0dhc2tlbGwtM18wNjAudGlm.jpg	gloomy, Aunt Lumb had had
#61	thumbnail	sm 7.6		https://explore.library.leeds.ac.uk/ixif/media/aHR0cHM6Ly9kaWdpdGFsLmxpYnJhcnkubGVlZHMuYWMudWsvODI2Mi82NS5oYXNob21lcGFnZVRodW1ibmFpbFZlcnNpb24vQkNfTVNfMTljX0dhc2tlbGwtM18wNjEudGlm.jpg	
	resource	Entry 7.6	page-56	https://explore.library.leeds.ac.uk/ixif/media/aHR0cHM6Ly9kaWdpdGFsLmxpYnJhcnkubGVlZHMuYWMudWsvODI2Mi82NS5oYXNsaWdodGJveFRodW1ibmFpbFZlcnNpb24vQkNfTVNfMTljX0dhc2tlbGwtM18wNjEudGlm.jpg	and a new servant coming, which
#62	thumbnail	sm 7.7		https://explore.library.leeds.ac.uk/ixif/media/aHR0cHM6Ly9kaWdpdGFsLmxpYnJhcnkubGVlZHMuYWMudWsvODI2Mi82Ni5oYXNob21lcGFnZVRodW1ibmFpbFZlcnNpb24vQkNfTVNfMTljX0dhc2tlbGwtM18wNjIudGlm.jpg	
	resource	Entry 7.7	page-57	https://explore.library.leeds.ac.uk/ixif/media/aHR0cHM6Ly9kaWdpdGFsLmxpYnJhcnkubGVlZHMuYWMudWsvODI2Mi82Ni5oYXNsaWdodGJveFRodW1ibmFpbFZlcnNpb24vQkNfTVNfMTljX0dhc2tlbGwtM18wNjIudGlm.jpg	she has told me Aunt Lumb did not live with
#63	thumbnail	sm 7.8		https://explore.library.leeds.ac.uk/ixif/media/aHR0cHM6Ly9kaWdpdGFsLmxpYnJhcnkubGVlZHMuYWMudWsvODI2Mi82OC5oYXNob21lcGFnZVRodW1ibmFpbFZlcnNpb24vQkNfTVNfMTljX0dhc2tlbGwtM18wNjMudGlm.jpg	
	resource	Entry 7.8	page-58	https://explore.library.leeds.ac.uk/ixif/media/aHR0cHM6Ly9kaWdpdGFsLmxpYnJhcnkubGVlZHMuYWMudWsvODI2Mi82OC5oYXNsaWdodGJveFRodW1ibmFpbFZlcnNpb24vQkNfTVNfMTljX0dhc2tlbGwtM18wNjMudGlm.jpg	of punishment, so these little 
#64	thumbnail	sm 7.9		https://explore.library.leeds.ac.uk/ixif/media/aHR0cHM6Ly9kaWdpdGFsLmxpYnJhcnkubGVlZHMuYWMudWsvODI2Mi82OS5oYXNob21lcGFnZVRodW1ibmFpbFZlcnNpb24vQkNfTVNfMTljX0dhc2tlbGwtM18wNjQudGlm.jpg	
	resource	Entry 7.9	page-59	https://explore.library.leeds.ac.uk/ixif/media/aHR0cHM6Ly9kaWdpdGFsLmxpYnJhcnkubGVlZHMuYWMudWsvODI2Mi82OS5oYXNsaWdodGJveFRodW1ibmFpbFZlcnNpb24vQkNfTVNfMTljX0dhc2tlbGwtM18wNjQudGlm.jpg	on her hand every time she refused
#65	thumbnail	sm 7.10		https://explore.library.leeds.ac.uk/ixif/media/aHR0cHM6Ly9kaWdpdGFsLmxpYnJhcnkubGVlZHMuYWMudWsvODI2Mi83MC5oYXNob21lcGFnZVRodW1ibmFpbFZlcnNpb24vQkNfTVNfMTljX0dhc2tlbGwtM18wNjUudGlm.jpg	
	resource	Entry 7.10	page-60	https://explore.library.leeds.ac.uk/ixif/media/aHR0cHM6Ly9kaWdpdGFsLmxpYnJhcnkubGVlZHMuYWMudWsvODI2Mi83MC5oYXNsaWdodGJveFRodW1ibmFpbFZlcnNpb24vQkNfTVNfMTljX0dhc2tlbGwtM18wNjUudGlm.jpg	does little things for herself and
#66	thumbnail	sm 7.11		https://explore.library.leeds.ac.uk/ixif/media/aHR0cHM6Ly9kaWdpdGFsLmxpYnJhcnkubGVlZHMuYWMudWsvODI2Mi83MS5oYXNob21lcGFnZVRodW1ibmFpbFZlcnNpb24vQkNfTVNfMTljX0dhc2tlbGwtM18wNjYudGlm.jpg	
	resource	Entry 7.11	page-61	https://explore.library.leeds.ac.uk/ixif/media/aHR0cHM6Ly9kaWdpdGFsLmxpYnJhcnkubGVlZHMuYWMudWsvODI2Mi83MS5oYXNsaWdodGJveFRodW1ibmFpbFZlcnNpb24vQkNfTVNfMTljX0dhc2tlbGwtM18wNjYudGlm.jpg	very fine materials to work upon
#67	thumbnail	sm 7.12		https://explore.library.leeds.ac.uk/ixif/media/aHR0cHM6Ly9kaWdpdGFsLmxpYnJhcnkubGVlZHMuYWMudWsvODI2Mi83Mi5oYXNob21lcGFnZVRodW1ibmFpbFZlcnNpb24vQkNfTVNfMTljX0dhc2tlbGwtM18wNjcudGlm.jpg	
	resource	Entry 7.12	page-62	https://explore.library.leeds.ac.uk/ixif/media/aHR0cHM6Ly9kaWdpdGFsLmxpYnJhcnkubGVlZHMuYWMudWsvODI2Mi83Mi5oYXNsaWdodGJveFRodW1ibmFpbFZlcnNpb24vQkNfTVNfMTljX0dhc2tlbGwtM18wNjcudGlm.jpg	anything, but veray nearly
#68	thumbnail	sm 8.1		https://explore.library.leeds.ac.uk/ixif/media/aHR0cHM6Ly9kaWdpdGFsLmxpYnJhcnkubGVlZHMuYWMudWsvODI2Mi83My5oYXNob21lcGFnZVRodW1ibmFpbFZlcnNpb24vQkNfTVNfMTljX0dhc2tlbGwtM18wNjgudGlm.jpg	
	resource	Entry 8.1	page-63	https://explore.library.leeds.ac.uk/ixif/media/aHR0cHM6Ly9kaWdpdGFsLmxpYnJhcnkubGVlZHMuYWMudWsvODI2Mi83My5oYXNsaWdodGJveFRodW1ibmFpbFZlcnNpb24vQkNfTVNfMTljX0dhc2tlbGwtM18wNjgudGlm.jpg	March 25th, 1838
#69	thumbnail	sm 8/2		https://explore.library.leeds.ac.uk/ixif/media/aHR0cHM6Ly9kaWdpdGFsLmxpYnJhcnkubGVlZHMuYWMudWsvODI2Mi83NS5oYXNob21lcGFnZVRodW1ibmFpbFZlcnNpb24vQkNfTVNfMTljX0dhc2tlbGwtM18wNjkudGlm.jpg	
	resource	Entry 8.2	page-64	https://explore.library.leeds.ac.uk/ixif/media/aHR0cHM6Ly9kaWdpdGFsLmxpYnJhcnkubGVlZHMuYWMudWsvODI2Mi83NS5oYXNsaWdodGJveFRodW1ibmFpbFZlcnNpb24vQkNfTVNfMTljX0dhc2tlbGwtM18wNjkudGlm.jp	rapidly in any branch of learning
#70	thumbnail	sm 8.3		https://explore.library.leeds.ac.uk/ixif/media/aHR0cHM6Ly9kaWdpdGFsLmxpYnJhcnkubGVlZHMuYWMudWsvODI2Mi83Ni5oYXNob21lcGFnZVRodW1ibmFpbFZlcnNpb24vQkNfTVNfMTljX0dhc2tlbGwtM18wNzAudGlm.jpg	
	resource	Entry 8.3	page-65	https://explore.library.leeds.ac.uk/ixif/media/aHR0cHM6Ly9kaWdpdGFsLmxpYnJhcnkubGVlZHMuYWMudWsvODI2Mi83Ni5oYXNsaWdodGJveFRodW1ibmFpbFZlcnNpb24vQkNfTVNfMTljX0dhc2tlbGwtM18wNzAudGlm.jpg	with the other children, though
#71	thumbnail	sm 8.4		https://explore.library.leeds.ac.uk/ixif/media/aHR0cHM6Ly9kaWdpdGFsLmxpYnJhcnkubGVlZHMuYWMudWsvODI2Mi83Ny5oYXNob21lcGFnZVRodW1ibmFpbFZlcnNpb24vQkNfTVNfMTljX0dhc2tlbGwtM18wNzEudGlm.jpg	
	resource	Entry 8.4	page-66	https://explore.library.leeds.ac.uk/ixif/media/aHR0cHM6Ly9kaWdpdGFsLmxpYnJhcnkubGVlZHMuYWMudWsvODI2Mi83Ny5oYXNsaWdodGJveFRodW1ibmFpbFZlcnNpb24vQkNfTVNfMTljX0dhc2tlbGwtM18wNzEudGlm.jpg	as far as they go, about this
#72	thumbnail	sm 8.5		https://explore.library.leeds.ac.uk/ixif/media/aHR0cHM6Ly9kaWdpdGFsLmxpYnJhcnkubGVlZHMuYWMudWsvODI2Mi83OC5oYXNob21lcGFnZVRodW1ibmFpbFZlcnNpb24vQkNfTVNfMTljX0dhc2tlbGwtM18wNzIudGlm.jpg	
	resource	Entry 8.5	page-67	https://explore.library.leeds.ac.uk/ixif/media/aHR0cHM6Ly9kaWdpdGFsLmxpYnJhcnkubGVlZHMuYWMudWsvODI2Mi83OC5oYXNsaWdodGJveFRodW1ibmFpbFZlcnNpb24vQkNfTVNfMTljX0dhc2tlbGwtM18wNzIudGlm.jpg	but I do not know if she attaches much meaning
#73	thumbnail	sm 8.6		https://explore.library.leeds.ac.uk/ixif/media/aHR0cHM6Ly9kaWdpdGFsLmxpYnJhcnkubGVlZHMuYWMudWsvODI2Mi84MC5oYXNob21lcGFnZVRodW1ibmFpbFZlcnNpb24vQkNfTVNfMTljX0dhc2tlbGwtM18wNzMudGlm.jpg	
	resource	Entry 8.6 / 9.1	page-68	https://explore.library.leeds.ac.uk/ixif/media/aHR0cHM6Ly9kaWdpdGFsLmxpYnJhcnkubGVlZHMuYWMudWsvODI2Mi84MC5oYXNsaWdodGJveFRodW1ibmFpbFZlcnNpb24vQkNfTVNfMTljX0dhc2tlbGwtM18wNzMudGlm.jpg	people." William says he fears I
#74	thumbnail	sm 9.2		https://explore.library.leeds.ac.uk/ixif/media/aHR0cHM6Ly9kaWdpdGFsLmxpYnJhcnkubGVlZHMuYWMudWsvODI2Mi84MS5oYXNob21lcGFnZVRodW1ibmFpbFZlcnNpb24vQkNfTVNfMTljX0dhc2tlbGwtM18wNzQudGlm.jpg	
	resource	Entry 9.2	page-69	https://explore.library.leeds.ac.uk/ixif/media/aHR0cHM6Ly9kaWdpdGFsLmxpYnJhcnkubGVlZHMuYWMudWsvODI2Mi84MS5oYXNsaWdodGJveFRodW1ibmFpbFZlcnNpb24vQkNfTVNfMTljX0dhc2tlbGwtM18wNzQudGlm.jpg	had had a cold in her head
#75	thumbnail	sm 9.3		https://explore.library.leeds.ac.uk/ixif/media/aHR0cHM6Ly9kaWdpdGFsLmxpYnJhcnkubGVlZHMuYWMudWsvODI2Mi84My5oYXNob21lcGFnZVRodW1ibmFpbFZlcnNpb24vQkNfTVNfMTljX0dhc2tlbGwtM18wNzUudGlm.jpg	
	resource	Entry 9.3	page-70	https://explore.library.leeds.ac.uk/ixif/media/aHR0cHM6Ly9kaWdpdGFsLmxpYnJhcnkubGVlZHMuYWMudWsvODI2Mi84My5oYXNsaWdodGJveFRodW1ibmFpbFZlcnNpb24vQkNfTVNfMTljX0dhc2tlbGwtM18wNzUudGlm.jpg	the afflictions which God may
#76	thumbnail	sm 9.4		https://explore.library.leeds.ac.uk/ixif/media/aHR0cHM6Ly9kaWdpdGFsLmxpYnJhcnkubGVlZHMuYWMudWsvODI2Mi84NC5oYXNob21lcGFnZVRodW1ibmFpbFZlcnNpb24vQkNfTVNfMTljX0dhc2tlbGwtM18wNzYudGlm.jpg	
	resource	Entry 9.4	page-71	https://explore.library.leeds.ac.uk/ixif/media/aHR0cHM6Ly9kaWdpdGFsLmxpYnJhcnkubGVlZHMuYWMudWsvODI2Mi84NC5oYXNsaWdodGJveFRodW1ibmFpbFZlcnNpb24vQkNfTVNfMTljX0dhc2tlbGwtM18wNzYudGlm.jpg	she is in the passage directly
#77	thumbnail	sm 9.5		https://explore.library.leeds.ac.uk/ixif/media/aHR0cHM6Ly9kaWdpdGFsLmxpYnJhcnkubGVlZHMuYWMudWsvODI2Mi84NC5oYXNsaWdodGJveFRodW1ibmFpbFZlcnNpb24vQkNfTVNfMTljX0dhc2tlbGwtM18wNzYudGlm.jpg	
	resource	Entry 9.5	page-72	https://explore.library.leeds.ac.uk/ixif/media/aHR0cHM6Ly9kaWdpdGFsLmxpYnJhcnkubGVlZHMuYWMudWsvODI2Mi84Ni5oYXNsaWdodGJveFRodW1ibmFpbFZlcnNpb24vQkNfTVNfMTljX0dhc2tlbGwtM18wNzcudGlm.jpg	trifling thing. I am sometimes afraid
#78	thumbnail	sm 9.6		https://explore.library.leeds.ac.uk/ixif/media/aHR0cHM6Ly9kaWdpdGFsLmxpYnJhcnkubGVlZHMuYWMudWsvODI2Mi84Ny5oYXNob21lcGFnZVRodW1ibmFpbFZlcnNpb24vQkNfTVNfMTljX0dhc2tlbGwtM18wNzgudGlm.jpg	
	resource	Entry 9.6 / 10.1	page-73	https://explore.library.leeds.ac.uk/ixif/media/aHR0cHM6Ly9kaWdpdGFsLmxpYnJhcnkubGVlZHMuYWMudWsvODI2Mi84Ny5oYXNsaWdodGJveFRodW1ibmFpbFZlcnNpb24vQkNfTVNfMTljX0dhc2tlbGwtM18wNzgudGlm.jpg	In general the sisters are very kind
#79	thumbnail	sm 10.2		https://explore.library.leeds.ac.uk/ixif/media/aHR0cHM6Ly9kaWdpdGFsLmxpYnJhcnkubGVlZHMuYWMudWsvODI2Mi84OS5oYXNob21lcGFnZVRodW1ibmFpbFZlcnNpb24vQkNfTVNfMTljX0dhc2tlbGwtM18wNzkudGlm.jpg	
	resource	Entry 10.2	page-74	https://explore.library.leeds.ac.uk/ixif/media/aHR0cHM6Ly9kaWdpdGFsLmxpYnJhcnkubGVlZHMuYWMudWsvODI2Mi84OS5oYXNsaWdodGJveFRodW1ibmFpbFZlcnNpb24vQkNfTVNfMTljX0dhc2tlbGwtM18wNzkudGlm.jpg	in finding her occupation
#80	thumbnail	sm 10.3		https://explore.library.leeds.ac.uk/ixif/media/aHR0cHM6Ly9kaWdpdGFsLmxpYnJhcnkubGVlZHMuYWMudWsvODI2Mi85MC5oYXNob21lcGFnZVRodW1ibmFpbFZlcnNpb24vQkNfTVNfMTljX0dhc2tlbGwtM18wODAudGlm.jpg	
	resource	Entry 10.3 / 11/1	page-75	https://explore.library.leeds.ac.uk/ixif/media/aHR0cHM6Ly9kaWdpdGFsLmxpYnJhcnkubGVlZHMuYWMudWsvODI2Mi85MC5oYXNsaWdodGJveFRodW1ibmFpbFZlcnNpb24vQkNfTVNfMTljX0dhc2tlbGwtM18wODAudGlm.jpg	again is a circumstance to be 
#81	thumbnail	sm 11.2		https://explore.library.leeds.ac.uk/ixif/media/aHR0cHM6Ly9kaWdpdGFsLmxpYnJhcnkubGVlZHMuYWMudWsvODI2Mi85MS5oYXNob21lcGFnZVRodW1ibmFpbFZlcnNpb24vQkNfTVNfMTljX0dhc2tlbGwtM18wODEudGlm.jpg	
	resource	Entry 11.2	page-76	https://explore.library.leeds.ac.uk/ixif/media/aHR0cHM6Ly9kaWdpdGFsLmxpYnJhcnkubGVlZHMuYWMudWsvODI2Mi85MS5oYXNsaWdodGJveFRodW1ibmFpbFZlcnNpb24vQkNfTVNfMTljX0dhc2tlbGwtM18wODEudGlm.jpg	begun to have regular little lessons
#82	thumbnail	sm 11.3		https://explore.library.leeds.ac.uk/ixif/media/aHR0cHM6Ly9kaWdpdGFsLmxpYnJhcnkubGVlZHMuYWMudWsvODI2Mi85My5oYXNob21lcGFnZVRodW1ibmFpbFZlcnNpb24vQkNfTVNfMTljX0dhc2tlbGwtM18wODIudGlm.jpg	
	resource	Entry 11.3	page-77	https://explore.library.leeds.ac.uk/ixif/media/aHR0cHM6Ly9kaWdpdGFsLmxpYnJhcnkubGVlZHMuYWMudWsvODI2Mi85My5oYXNsaWdodGJveFRodW1ibmFpbFZlcnNpb24vQkNfTVNfMTljX0dhc2tlbGwtM18wODIudGlm.jpg	of thanksgiving and blessing.
#83	thumbnail	sm 11.4		https://explore.library.leeds.ac.uk/ixif/media/aHR0cHM6Ly9kaWdpdGFsLmxpYnJhcnkubGVlZHMuYWMudWsvODI2Mi85NC5oYXNob21lcGFnZVRodW1ibmFpbFZlcnNpb24vQkNfTVNfMTljX0dhc2tlbGwtM18wODMudGlm.jpg	
	resource	Entry 11.4 - FINAL PAGE	page-78	https://explore.library.leeds.ac.uk/ixif/media/aHR0cHM6Ly9kaWdpdGFsLmxpYnJhcnkubGVlZHMuYWMudWsvODI2Mi85NC5oYXNsaWdodGJveFRodW1ibmFpbFZlcnNpb24vQkNfTVNfMTljX0dhc2tlbGwtM18wODMudGlm.jpg	little creature, always ready to give away
#84	thumbnail	blank leaf following journal		https://explore.library.leeds.ac.uk/ixif/media/aHR0cHM6Ly9kaWdpdGFsLmxpYnJhcnkubGVlZHMuYWMudWsvODI2Mi85NS5oYXNob21lcGFnZVRodW1ibmFpbFZlcnNpb24vQkNfTVNfMTljX0dhc2tlbGwtM18wODQudGlm.jpg	
	resource	blank leaf following journal - left		https://explore.library.leeds.ac.uk/ixif/media/aHR0cHM6Ly9kaWdpdGFsLmxpYnJhcnkubGVlZHMuYWMudWsvODI2Mi85NS5oYXNsaWdodGJveFRodW1ibmFpbFZlcnNpb24vQkNfTVNfMTljX0dhc2tlbGwtM18wODQudGlm.jpg	
#85	thumbnail	back interior cover		https://explore.library.leeds.ac.uk/ixif/media/aHR0cHM6Ly9kaWdpdGFsLmxpYnJhcnkubGVlZHMuYWMudWsvODI2Mi85Ni5oYXNob21lcGFnZVRodW1ibmFpbFZlcnNpb24vQkNfTVNfMTljX0dhc2tlbGwtM18wODUudGlm.jpg	
	resource	back interior cover		https://explore.library.leeds.ac.uk/ixif/media/aHR0cHM6Ly9kaWdpdGFsLmxpYnJhcnkubGVlZHMuYWMudWsvODI2Mi85Ni5oYXNsaWdodGJveFRodW1ibmFpbFZlcnNpb24vQkNfTVNfMTljX0dhc2tlbGwtM18wODUudGlm.jpg	
#86	thumbnail	back cover		https://explore.library.leeds.ac.uk/ixif/media/aHR0cHM6Ly9kaWdpdGFsLmxpYnJhcnkubGVlZHMuYWMudWsvODI2Mi85OC5oYXNob21lcGFnZVRodW1ibmFpbFZlcnNpb24vQkNfTVNfMTljX0dhc2tlbGwtM18wODYudGlm.jpg	
	resource	back cover		https://explore.library.leeds.ac.uk/ixif/media/aHR0cHM6Ly9kaWdpdGFsLmxpYnJhcnkubGVlZHMuYWMudWsvODI2Mi85OC5oYXNsaWdodGJveFRodW1ibmFpbFZlcnNpb24vQkNfTVNfMTljX0dhc2tlbGwtM18wODYudGlm.jpg	